route,airline,ident,aircraft_model,cruise_speed_kmh
SIN-DXB,Emirates,UAE353,Airbus A380-800 (quad-jet),Unknown
SIN-DXB,Emirates,UAE355,BOEING 777-300ER (twin-jet),Unknown
SIN-DXB,Emirates,UAE353,Airbus A380-800 (quad-jet),Unknown
SIN-DXB,Emirates,UAE355,BOEING 777-300ER (twin-jet),Unknown
SIN-DXB,Emirates,UAE353,Airbus A380-800 (quad-jet),Unknown
SIN-DXB,Emirates,UAE355,BOEING 777-300ER (twin-jet),Unknown
LHR-DXB,Emirates,UAE8,Airbus A380-800 (quad-jet),Unknown
LHR-DXB,Emirates,UAE6,Airbus A380-800 (quad-jet),Unknown
LHR-DXB,Emirates,UAE4,Airbus A380-800 (quad-jet),Unknown
LHR-DXB,Emirates,UAE30,Airbus A380-800 (quad-jet),Unknown
LHR-DXB,Emirates,UAE2,Airbus A380-800 (quad-jet),Unknown
LHR-DXB,Emirates,UAE8,Airbus A380-800 (quad-jet),Unknown
LHR-DXB,Emirates,UAE6,Airbus A380-800 (quad-jet),Unknown
LHR-DXB,Emirates,UAE6,Airbus A380-800 (quad-jet),Unknown
LHR-DXB,Emirates,UAE4,Airbus A380-800 (quad-jet),Unknown
LHR-DXB,Emirates,UAE30,Airbus A380-800 (quad-jet),Unknown
LHR-DXB,Emirates,UAE2,Airbus A380-800 (quad-jet),Unknown
LHR-DXB,Emirates,UAE8,Airbus A380-800 (quad-jet),Unknown
LHR-DXB,Emirates,UAE4,Airbus A380-800 (quad-jet),Unknown
LHR-DXB,Emirates,UAE30,Airbus A380-800 (quad-jet),Unknown
LHR-DXB,Emirates,UAE2,Airbus A380-800 (quad-jet),Unknown
BKK-DXB,Emirates,UAE375,Airbus A380-800 (quad-jet),Unknown
BKK-DXB,Emirates,UAE371,BOEING 777-300ER (twin-jet),Unknown
BKK-DXB,Emirates,UAE385,Airbus A380-800 (quad-jet),Unknown
BKK-DXB,Emirates,UAE373,Airbus A380-800 (quad-jet),Unknown
BKK-DXB,Emirates,UAE375,Airbus A380-800 (quad-jet),Unknown
BKK-DXB,Emirates,UAE371,BOEING 777-300ER (twin-jet),Unknown
BKK-DXB,Emirates,UAE385,Airbus A380-800 (quad-jet),Unknown
BKK-DXB,Emirates,UAE373,Airbus A380-800 (quad-jet),Unknown
BKK-DXB,Emirates,UAE375,Airbus A380-800 (quad-jet),Unknown
BKK-DXB,Emirates,UAE371,BOEING 777-300ER (twin-jet),Unknown
BKK-DXB,Emirates,UAE385,Airbus A380-800 (quad-jet),Unknown
BKK-DXB,Emirates,UAE373,Airbus A380-800 (quad-jet),Unknown
HKG-DXB,Emirates,UAE381,Airbus A380-800 (quad-jet),Unknown
HKG-DXB,Emirates,UAE381,Airbus A380-800 (quad-jet),Unknown
HKG-DXB,Emirates,UAE381,Airbus A380-800 (quad-jet),Unknown
DOH-SIN,Qatar Airways,QTR948,Airbus A350-900 (twin-jet),Unknown
DOH-SIN,Qatar Airways,QTR948,Airbus A350-900 (twin-jet),Unknown
DOH-SIN,Qatar Airways,QTR942,Airbus A350-900 (twin-jet),Unknown
DOH-SIN,Qatar Airways,QTR8408,Boeing 777-200 (twin-jet),Unknown
DOH-SIN,Qatar Airways,QTR948,Airbus A350-900 (twin-jet),Unknown
DOH-SIN,Qatar Airways,QTR942,Airbus A350-900 (twin-jet),Unknown
DOH-SIN,Qatar Airways,QTR8432,Boeing 777-200 (twin-jet),Unknown
DOH-SIN,Qatar Airways,QTR942,Airbus A350-900 (twin-jet),Unknown
DOH-SIN,Qatar Airways,A7-BTC,Boeing 777-200 (twin-jet),Unknown
DOH-SIN,Qatar Airways,A7-BFQ,Boeing 777-200 (twin-jet),Unknown
SIN-LHR,Singapore Airlines,SIA318,BOEING 777-300ER (twin-jet),Unknown
SIN-LHR,Singapore Airlines,SIA308,Airbus A380-800 (quad-jet),Unknown
SIN-LHR,Singapore Airlines,SIA306,BOEING 777-300ER (twin-jet),Unknown
SIN-LHR,British Airways,BAW12,BOEING 777-300ER (twin-jet),Unknown
SIN-LHR,Singapore Airlines,SIA322,Airbus A380-800 (quad-jet),Unknown
SIN-LHR,British Airways,BAW16,Boeing 787-9 Dreamliner (twin-jet),Unknown
SIN-LHR,Singapore Airlines,SIA318,BOEING 777-300ER (twin-jet),Unknown
SIN-LHR,Singapore Airlines,SIA308,Airbus A380-800 (quad-jet),Unknown
SIN-LHR,Singapore Airlines,SIA306,BOEING 777-300ER (twin-jet),Unknown
SIN-LHR,British Airways,BAW12,BOEING 777-300ER (twin-jet),Unknown
SIN-LHR,Singapore Airlines,SIA322,Airbus A380-800 (quad-jet),Unknown
SIN-LHR,British Airways,BAW16,Boeing 787-9 Dreamliner (twin-jet),Unknown
SIN-LHR,Singapore Airlines,SIA318,BOEING 777-300ER (twin-jet),Unknown
SIN-LHR,Singapore Airlines,SIA308,Airbus A380-800 (quad-jet),Unknown
SIN-LHR,Singapore Airlines,SIA306,BOEING 777-300ER (twin-jet),Unknown
SIN-LHR,British Airways,BAW12,BOEING 777-300ER (twin-jet),Unknown
SIN-LHR,Singapore Airlines,SIA322,Airbus A380-800 (quad-jet),Unknown
SIN-LHR,British Airways,BAW16,Boeing 787-9 Dreamliner (twin-jet),Unknown
BOM-DXB,Emirates,UAE505,BOEING 777-300ER (twin-jet),Unknown
BOM-DXB,Emirates,UAE501,Airbus A380-800 (quad-jet),Unknown
BOM-DXB,Emirates,UAE509,BOEING 777-300ER (twin-jet),Unknown
BOM-DXB,Emirates,UAE503,Airbus A350-900 (twin-jet),Unknown
BOM-DXB,Emirates,UAE507,BOEING 777-300ER (twin-jet),Unknown
BOM-DXB,Air India,AIC4217,Boeing 787-8 (twin-jet),Unknown
BOM-DXB,Emirates,UAE505,BOEING 777-300ER (twin-jet),Unknown
BOM-DXB,Emirates,UAE501,Airbus A380-800 (quad-jet),Unknown
BOM-DXB,Emirates,UAE509,BOEING 777-300ER (twin-jet),Unknown
BOM-DXB,Emirates,UAE503,Airbus A350-900 (twin-jet),Unknown
BOM-DXB,Emirates,UAE507,BOEING 777-300ER (twin-jet),Unknown
BOM-DXB,Air India,AIC4217,Boeing 787-8 (twin-jet),Unknown
BOM-DXB,Emirates,UAE505,BOEING 777-300ER (twin-jet),Unknown
BOM-DXB,Emirates,UAE501,Airbus A380-800 (quad-jet),Unknown
BOM-DXB,Emirates,UAE509,BOEING 777-300ER (twin-jet),Unknown
BOM-DXB,Emirates,UAE503,Airbus A350-900 (twin-jet),Unknown
BOM-DXB,Emirates,UAE507,BOEING 777-300ER (twin-jet),Unknown
BOM-DXB,Air India,AIC4217,Boeing 787-8 (twin-jet),Unknown
MEL-DXB,Emirates,UAE407,Airbus A380-800 (quad-jet),Unknown
MEL-DXB,Emirates,UAE407,Airbus A380-800 (quad-jet),Unknown
MEL-DXB,Emirates,UAE407,Airbus A380-800 (quad-jet),Unknown
