route,airline,aircraft_model,cruise_speed_kmh
SIN-DXB,Emirates,Airbus A380-800 (quad-jet),Unknown
SIN-DXB,Emirates,BOEING 777-300ER (twin-jet),Unknown
SIN-DXB,Emirates,Airbus A380-800 (quad-jet),Unknown
SIN-DXB,Emirates,BOEING 777-300ER (twin-jet),Unknown
SIN-DXB,Emirates,Airbus A380-800 (quad-jet),Unknown
SIN-DXB,Emirates,BOEING 777-300ER (twin-jet),Unknown
SIN-DXB,Singapore Airlines,BOEING 787-10 Dreamliner (twin-jet),Unknown
SIN-DXB,Emirates,Airbus A380-800 (quad-jet),Unknown
SIN-DXB,Emirates,BOEING 777-300ER (twin-jet),Unknown
SIN-DXB,Singapore Airlines,Airbus A350-900 (twin-jet),Unknown
SIN-DXB,Air India,Airbus A321 (twin-jet),Unknown
SIN-DXB,Air India,Airbus A321 (twin-jet),Unknown
SIN-DXB,Singapore Airlines,Airbus A350-900 (twin-jet),Unknown
SIN-DXB,Emirates,Airbus A380-800 (quad-jet),Unknown
SIN-DXB,Qatar Airways,Airbus A350-900 (twin-jet),Unknown
SIN-DXB,Emirates,BOEING 777-300ER (twin-jet),Unknown
SIN-DXB,Emirates,Airbus A380-800 (quad-jet),Unknown
SIN-DXB,Thai Airways,Airbus A350-900 (twin-jet),Unknown
SIN-DXB,Emirates,Airbus A380-800 (quad-jet),Unknown
SIN-DXB,Singapore Airlines,Airbus A350-900 (twin-jet),Unknown
SIN-DXB,Emirates,Airbus A380-800 (quad-jet),Unknown
SIN-DXB,Emirates,BOEING 777-300ER (twin-jet),Unknown
SIN-DXB,Singapore Airlines,BOEING 787-10 Dreamliner (twin-jet),Unknown
SIN-DXB,Emirates,Airbus A380-800 (quad-jet),Unknown
SIN-DXB,Singapore Airlines,Boeing 737 MAX 8 (twin-jet),Unknown
SIN-DXB,Emirates,BOEING 777-300ER (twin-jet),Unknown
SIN-DXB,Thai Airways,Airbus A320 (twin-jet),Unknown
SIN-DXB,Emirates,Airbus A380-800 (quad-jet),Unknown
SIN-DXB,Singapore Airlines,BOEING 787-10 Dreamliner (twin-jet),Unknown
SIN-DXB,Singapore Airlines,Boeing 737 MAX 8 (twin-jet),Unknown
SIN-DXB,Thai Airways,Airbus A320 (twin-jet),Unknown
LHR-DXB,Emirates,Airbus A380-800 (quad-jet),Unknown
LHR-DXB,Emirates,Airbus A380-800 (quad-jet),Unknown
LHR-DXB,Emirates,Airbus A380-800 (quad-jet),Unknown
LHR-DXB,Emirates,Airbus A380-800 (quad-jet),Unknown
LHR-DXB,Emirates,Airbus A380-800 (quad-jet),Unknown
LHR-DXB,Emirates,Airbus A380-800 (quad-jet),Unknown
LHR-DXB,Emirates,Airbus A380-800 (quad-jet),Unknown
LHR-DXB,Emirates,Airbus A380-800 (quad-jet),Unknown
LHR-DXB,Emirates,Airbus A380-800 (quad-jet),Unknown
LHR-DXB,Emirates,Airbus A380-800 (quad-jet),Unknown
LHR-DXB,Emirates,Airbus A380-800 (quad-jet),Unknown
LHR-DXB,Emirates,Airbus A380-800 (quad-jet),Unknown
LHR-DXB,Emirates,Airbus A380-800 (quad-jet),Unknown
LHR-DXB,Emirates,Airbus A380-800 (quad-jet),Unknown
LHR-DXB,Emirates,Airbus A380-800 (quad-jet),Unknown
BKK-DXB,Emirates,Airbus A380-800 (quad-jet),Unknown
BKK-DXB,Emirates,BOEING 777-300ER (twin-jet),Unknown
BKK-DXB,Emirates,Airbus A380-800 (quad-jet),Unknown
BKK-DXB,Emirates,Airbus A380-800 (quad-jet),Unknown
BKK-DXB,Emirates,Airbus A380-800 (quad-jet),Unknown
BKK-DXB,Emirates,BOEING 777-300ER (twin-jet),Unknown
BKK-DXB,Emirates,Airbus A380-800 (quad-jet),Unknown
BKK-DXB,Emirates,Airbus A380-800 (quad-jet),Unknown
BKK-DXB,Emirates,Airbus A380-800 (quad-jet),Unknown
BKK-DXB,Emirates,BOEING 777-300ER (twin-jet),Unknown
BKK-DXB,Emirates,Airbus A380-800 (quad-jet),Unknown
BKK-DXB,Emirates,Airbus A380-800 (quad-jet),Unknown
HKG-DXB,Emirates,Boeing 777-200 (twin-jet),Unknown
HKG-DXB,Emirates,Airbus A380-800 (quad-jet),Unknown
HKG-DXB,Emirates,Airbus A380-800 (quad-jet),Unknown
HKG-DXB,Emirates,Airbus A380-800 (quad-jet),Unknown
HKG-DXB,Emirates,Boeing 777-200 (twin-jet),Unknown
HKG-DXB,Thai Airways,Airbus A320 (twin-jet),Unknown
HKG-DXB,Emirates,Airbus A380-800 (quad-jet),Unknown
HKG-DXB,Cathay Pacific,Airbus A330-300 (twin-jet),Unknown
HKG-DXB,Emirates,BOEING 777-300ER (twin-jet),Unknown
HKG-DXB,Air India,Airbus A321 (twin-jet),Unknown
HKG-DXB,Qatar Airways,Airbus A320 (twin-jet),Unknown
HKG-DXB,Qatar Airways,BOEING 777-300ER (twin-jet),Unknown
HKG-DXB,Cathay Pacific,Airbus A330-300 (twin-jet),Unknown
HKG-DXB,Emirates,BOEING 777-300ER (twin-jet),Unknown
HKG-DXB,Emirates,Airbus A380-800 (quad-jet),Unknown
HKG-DXB,Emirates,Airbus A380-800 (quad-jet),Unknown
HKG-DXB,Thai Airways,BOEING 777-300ER (twin-jet),Unknown
HKG-DXB,Emirates,Airbus A380-800 (quad-jet),Unknown
HKG-DXB,Singapore Airlines,Airbus A350-900 (twin-jet),Unknown
HKG-DXB,Emirates,Airbus A380-800 (quad-jet),Unknown
HKG-DXB,Singapore Airlines,Boeing 747-400 (quad-jet),Unknown
HKG-DXB,Cathay Pacific,Airbus A330-300 (twin-jet),Unknown
DOH-SIN,Qatar Airways,Airbus A350-900 (twin-jet),Unknown
DOH-SIN,Qatar Airways,Airbus A350-900 (twin-jet),Unknown
DOH-SIN,Qatar Airways,Boeing 777-200 (twin-jet),Unknown
DOH-SIN,Qatar Airways,Airbus A350-900 (twin-jet),Unknown
DOH-SIN,Qatar Airways,Airbus A350-900 (twin-jet),Unknown
DOH-SIN,Qatar Airways,Airbus A320 (twin-jet),Unknown
DOH-SIN,Qatar Airways,Airbus A350-900 (twin-jet),Unknown
DOH-SIN,Qatar Airways,Airbus A350-900 (twin-jet),Unknown
DOH-SIN,Qatar Airways,Airbus A321neo (twin-jet),Unknown
DOH-SIN,Qatar Airways,Airbus A321neo (twin-jet),Unknown
DOH-SIN,Qatar Airways,Boeing 777-200 (twin-jet),Unknown
SIN-LHR,Singapore Airlines,BOEING 777-300ER (twin-jet),Unknown
SIN-LHR,Singapore Airlines,Airbus A380-800 (quad-jet),Unknown
SIN-LHR,Singapore Airlines,BOEING 777-300ER (twin-jet),Unknown
SIN-LHR,British Airways,BOEING 777-300ER (twin-jet),Unknown
SIN-LHR,Singapore Airlines,Airbus A380-800 (quad-jet),Unknown
SIN-LHR,British Airways,Boeing 787-9 Dreamliner (twin-jet),Unknown
SIN-LHR,Singapore Airlines,BOEING 777-300ER (twin-jet),Unknown
SIN-LHR,Singapore Airlines,Airbus A380-800 (quad-jet),Unknown
SIN-LHR,Singapore Airlines,BOEING 777-300ER (twin-jet),Unknown
SIN-LHR,British Airways,BOEING 777-300ER (twin-jet),Unknown
SIN-LHR,Singapore Airlines,Airbus A380-800 (quad-jet),Unknown
SIN-LHR,British Airways,Boeing 787-9 Dreamliner (twin-jet),Unknown
SIN-LHR,Singapore Airlines,BOEING 777-300ER (twin-jet),Unknown
SIN-LHR,Singapore Airlines,Airbus A380-800 (quad-jet),Unknown
SIN-LHR,Singapore Airlines,BOEING 777-300ER (twin-jet),Unknown
SIN-LHR,British Airways,BOEING 777-300ER (twin-jet),Unknown
SIN-LHR,Singapore Airlines,Airbus A380-800 (quad-jet),Unknown
SIN-LHR,British Airways,Boeing 787-9 Dreamliner (twin-jet),Unknown
BOM-DXB,Emirates,BOEING 777-300ER (twin-jet),Unknown
BOM-DXB,Emirates,Airbus A380-800 (quad-jet),Unknown
BOM-DXB,Emirates,BOEING 777-300ER (twin-jet),Unknown
BOM-DXB,Emirates,Airbus A350-900 (twin-jet),Unknown
BOM-DXB,Emirates,BOEING 777-300ER (twin-jet),Unknown
BOM-DXB,Air India,Boeing 787-8 (twin-jet),Unknown
BOM-DXB,Emirates,BOEING 777-300ER (twin-jet),Unknown
BOM-DXB,Emirates,Airbus A380-800 (quad-jet),Unknown
BOM-DXB,Emirates,BOEING 777-300ER (twin-jet),Unknown
BOM-DXB,Emirates,Airbus A350-900 (twin-jet),Unknown
BOM-DXB,Emirates,BOEING 777-300ER (twin-jet),Unknown
BOM-DXB,Air India,Boeing 787-8 (twin-jet),Unknown
BOM-DXB,Emirates,BOEING 777-300ER (twin-jet),Unknown
BOM-DXB,Emirates,Airbus A380-800 (quad-jet),Unknown
BOM-DXB,Emirates,BOEING 777-300ER (twin-jet),Unknown
BOM-DXB,Emirates,Airbus A350-900 (twin-jet),Unknown
BOM-DXB,Emirates,BOEING 777-300ER (twin-jet),Unknown
BOM-DXB,Air India,Boeing 787-8 (twin-jet),Unknown
MEL-DXB,Emirates,Airbus A380-800 (quad-jet),Unknown
MEL-DXB,Emirates,Airbus A380-800 (quad-jet),Unknown
MEL-DXB,Emirates,Airbus A380-800 (quad-jet),Unknown
MEL-DXB,Emirates,Airbus A380-800 (quad-jet),Unknown
MEL-DXB,Emirates,Airbus A350-900 (twin-jet),Unknown
MEL-DXB,Emirates,Airbus A380-800 (quad-jet),Unknown
MEL-DXB,Singapore Airlines,Airbus A380-800 (quad-jet),Unknown
MEL-DXB,Cathay Pacific,Airbus A350-900 (twin-jet),Unknown
MEL-DXB,Emirates,Airbus A380-800 (quad-jet),Unknown
MEL-DXB,Emirates,Airbus A380-800 (quad-jet),Unknown
MEL-DXB,Thai Airways,Airbus A350-900 (twin-jet),Unknown
MEL-DXB,Emirates,Airbus A380-800 (quad-jet),Unknown
MEL-DXB,Emirates,BOEING 777-300ER (twin-jet),Unknown
MEL-DXB,Emirates,Airbus A380-800 (quad-jet),Unknown
MEL-DXB,Thai Airways,Airbus A350-900 (twin-jet),Unknown
MEL-DXB,Emirates,Airbus A380-800 (quad-jet),Unknown
MEL-DXB,Qatar Airways,Airbus A350-1000 (twin-jet),Unknown
MEL-DXB,Emirates,Airbus A350-900 (twin-jet),Unknown
MEL-DXB,Emirates,Airbus A380-800 (quad-jet),Unknown
MEL-DXB,Singapore Airlines,Airbus A350-900 (twin-jet),Unknown
MEL-DXB,Emirates,Airbus A380-800 (quad-jet),Unknown
